{"Version":1,"ManifestType":"Build","Endpoints":[{"Route":"R_BlazorFrontEnd.Controls.5vjmjh3y1s.styles.css","AssetFile":"R_BlazorFrontEnd.Controls.styles.css","Selectors":[],"ResponseHeaders":[{"Name":"Accept-Ranges","Value":"bytes"},{"Name":"Cache-Control","Value":"max-age=31536000, immutable"},{"Name":"Content-Length","Value":"336"},{"Name":"Content-Type","Value":"text/css"},{"Name":"ETag","Value":"\"72rhR35h5GXSSL9ay3q6efENKGLAnvBM+PO17n0qpCA=\""},{"Name":"Last-Modified","Value":"Fri, 19 Sep 2025 05:30:59 GMT"}],"EndpointProperties":[{"Name":"fingerprint","Value":"5vjmjh3y1s"},{"Name":"integrity","Value":"sha256-72rhR35h5GXSSL9ay3q6efENKGLAnvBM+PO17n0qpCA="},{"Name":"label","Value":"R_BlazorFrontEnd.Controls.styles.css"}]},{"Route":"R_BlazorFrontEnd.Controls.js","AssetFile":"R_BlazorFrontEnd.Controls.js","Selectors":[],"ResponseHeaders":[{"Name":"Accept-Ranges","Value":"bytes"},{"Name":"Cache-Control","Value":"no-cache"},{"Name":"Content-Length","Value":"8470"},{"Name":"Content-Type","Value":"text/javascript"},{"Name":"ETag","Value":"\"1F7SXwVePYhx93np6hEVJtUvaGBnfdeEGGV7nd/RDnA=\""},{"Name":"Last-Modified","Value":"Fri, 19 Sep 2025 05:14:37 GMT"}],"EndpointProperties":[{"Name":"integrity","Value":"sha256-1F7SXwVePYhx93np6hEVJtUvaGBnfdeEGGV7nd/RDnA="}]},{"Route":"R_BlazorFrontEnd.Controls.o78dgtl0e4.js","AssetFile":"R_BlazorFrontEnd.Controls.js","Selectors":[],"ResponseHeaders":[{"Name":"Accept-Ranges","Value":"bytes"},{"Name":"Cache-Control","Value":"max-age=31536000, immutable"},{"Name":"Content-Length","Value":"8470"},{"Name":"Content-Type","Value":"text/javascript"},{"Name":"ETag","Value":"\"1F7SXwVePYhx93np6hEVJtUvaGBnfdeEGGV7nd/RDnA=\""},{"Name":"Last-Modified","Value":"Fri, 19 Sep 2025 05:14:37 GMT"}],"EndpointProperties":[{"Name":"fingerprint","Value":"o78dgtl0e4"},{"Name":"integrity","Value":"sha256-1F7SXwVePYhx93np6hEVJtUvaGBnfdeEGGV7nd/RDnA="},{"Name":"label","Value":"R_BlazorFrontEnd.Controls.js"}]},{"Route":"R_BlazorFrontEnd.Controls.styles.css","AssetFile":"R_BlazorFrontEnd.Controls.styles.css","Selectors":[],"ResponseHeaders":[{"Name":"Accept-Ranges","Value":"bytes"},{"Name":"Cache-Control","Value":"no-cache"},{"Name":"Content-Length","Value":"336"},{"Name":"Content-Type","Value":"text/css"},{"Name":"ETag","Value":"\"72rhR35h5GXSSL9ay3q6efENKGLAnvBM+PO17n0qpCA=\""},{"Name":"Last-Modified","Value":"Fri, 19 Sep 2025 05:30:59 GMT"}],"EndpointProperties":[{"Name":"integrity","Value":"sha256-72rhR35h5GXSSL9ay3q6efENKGLAnvBM+PO17n0qpCA="}]},{"Route":"_content/Telerik.UI.for.Blazor/css/kendo-font-icons/font-icons.css","AssetFile":"_content/Telerik.UI.for.Blazor/css/kendo-font-icons/font-icons.css","Selectors":[],"ResponseHeaders":[{"Name":"Accept-Ranges","Value":"bytes"},{"Name":"Cache-Control","Value":"no-cache"},{"Name":"Content-Length","Value":"55261"},{"Name":"Content-Type","Value":"text/css"},{"Name":"ETag","Value":"\"sovZC/Kd6KjLhtgnM/a/AnD79hdMcruR7be/I7/mfyQ=\""},{"Name":"Last-Modified","Value":"Tue, 17 Dec 2024 08:29:00 GMT"}],"EndpointProperties":[{"Name":"integrity","Value":"sha256-sovZC/Kd6KjLhtgnM/a/AnD79hdMcruR7be/I7/mfyQ="}]},{"Route":"_content/Telerik.UI.for.Blazor/css/kendo-font-icons/font-icons.est2hspdhp.css","AssetFile":"_content/Telerik.UI.for.Blazor/css/kendo-font-icons/font-icons.css","Selectors":[],"ResponseHeaders":[{"Name":"Accept-Ranges","Value":"bytes"},{"Name":"Cache-Control","Value":"max-age=31536000, immutable"},{"Name":"Content-Length","Value":"55261"},{"Name":"Content-Type","Value":"text/css"},{"Name":"ETag","Value":"\"sovZC/Kd6KjLhtgnM/a/AnD79hdMcruR7be/I7/mfyQ=\""},{"Name":"Last-Modified","Value":"Tue, 17 Dec 2024 08:29:00 GMT"}],"EndpointProperties":[{"Name":"fingerprint","Value":"est2hspdhp"},{"Name":"integrity","Value":"sha256-sovZC/Kd6KjLhtgnM/a/AnD79hdMcruR7be/I7/mfyQ="},{"Name":"label","Value":"_content/Telerik.UI.for.Blazor/css/kendo-font-icons/font-icons.css"}]},{"Route":"_content/Telerik.UI.for.Blazor/css/kendo-font-icons/kendo-font-icons.dt5ghcls7e.ttf","AssetFile":"_content/Telerik.UI.for.Blazor/css/kendo-font-icons/kendo-font-icons.ttf","Selectors":[],"ResponseHeaders":[{"Name":"Accept-Ranges","Value":"bytes"},{"Name":"Cache-Control","Value":"max-age=31536000, immutable"},{"Name":"Content-Length","Value":"127812"},{"Name":"Content-Type","Value":"application/x-font-ttf"},{"Name":"ETag","Value":"\"j802RfbYqojk61p4LJp1wUscay0fRqk3dEKfjUAnVaA=\""},{"Name":"Last-Modified","Value":"Tue, 17 Dec 2024 08:29:00 GMT"}],"EndpointProperties":[{"Name":"fingerprint","Value":"dt5ghcls7e"},{"Name":"integrity","Value":"sha256-j802RfbYqojk61p4LJp1wUscay0fRqk3dEKfjUAnVaA="},{"Name":"label","Value":"_content/Telerik.UI.for.Blazor/css/kendo-font-icons/kendo-font-icons.ttf"}]},{"Route":"_content/Telerik.UI.for.Blazor/css/kendo-font-icons/kendo-font-icons.ttf","AssetFile":"_content/Telerik.UI.for.Blazor/css/kendo-font-icons/kendo-font-icons.ttf","Selectors":[],"ResponseHeaders":[{"Name":"Accept-Ranges","Value":"bytes"},{"Name":"Cache-Control","Value":"no-cache"},{"Name":"Content-Length","Value":"127812"},{"Name":"Content-Type","Value":"application/x-font-ttf"},{"Name":"ETag","Value":"\"j802RfbYqojk61p4LJp1wUscay0fRqk3dEKfjUAnVaA=\""},{"Name":"Last-Modified","Value":"Tue, 17 Dec 2024 08:29:00 GMT"}],"EndpointProperties":[{"Name":"integrity","Value":"sha256-j802RfbYqojk61p4LJp1wUscay0fRqk3dEKfjUAnVaA="}]},{"Route":"_content/Telerik.UI.for.Blazor/css/kendo-theme-bootstrap/all.32pmcnluww.css","AssetFile":"_content/Telerik.UI.for.Blazor/css/kendo-theme-bootstrap/all.css","Selectors":[],"ResponseHeaders":[{"Name":"Accept-Ranges","Value":"bytes"},{"Name":"Cache-Control","Value":"max-age=31536000, immutable"},{"Name":"Content-Length","Value":"687882"},{"Name":"Content-Type","Value":"text/css"},{"Name":"ETag","Value":"\"pb+P5FcZSdL6W2P7wnz1+4TkvxMWif3uW+gpg39tZD0=\""},{"Name":"Last-Modified","Value":"Tue, 17 Dec 2024 08:29:00 GMT"}],"EndpointProperties":[{"Name":"fingerprint","Value":"32pmcnluww"},{"Name":"integrity","Value":"sha256-pb+P5FcZSdL6W2P7wnz1+4TkvxMWif3uW+gpg39tZD0="},{"Name":"label","Value":"_content/Telerik.UI.for.Blazor/css/kendo-theme-bootstrap/all.css"}]},{"Route":"_content/Telerik.UI.for.Blazor/css/kendo-theme-bootstrap/all.css","AssetFile":"_content/Telerik.UI.for.Blazor/css/kendo-theme-bootstrap/all.css","Selectors":[],"ResponseHeaders":[{"Name":"Accept-Ranges","Value":"bytes"},{"Name":"Cache-Control","Value":"no-cache"},{"Name":"Content-Length","Value":"687882"},{"Name":"Content-Type","Value":"text/css"},{"Name":"ETag","Value":"\"pb+P5FcZSdL6W2P7wnz1+4TkvxMWif3uW+gpg39tZD0=\""},{"Name":"Last-Modified","Value":"Tue, 17 Dec 2024 08:29:00 GMT"}],"EndpointProperties":[{"Name":"integrity","Value":"sha256-pb+P5FcZSdL6W2P7wnz1+4TkvxMWif3uW+gpg39tZD0="}]},{"Route":"_content/Telerik.UI.for.Blazor/css/kendo-theme-default/all.css","AssetFile":"_content/Telerik.UI.for.Blazor/css/kendo-theme-default/all.css","Selectors":[],"ResponseHeaders":[{"Name":"Accept-Ranges","Value":"bytes"},{"Name":"Cache-Control","Value":"no-cache"},{"Name":"Content-Length","Value":"675104"},{"Name":"Content-Type","Value":"text/css"},{"Name":"ETag","Value":"\"KC2h6Cr6JZ92qgGefZAR136PNn6USB1NqE4SZyFII8Q=\""},{"Name":"Last-Modified","Value":"Tue, 17 Dec 2024 08:29:00 GMT"}],"EndpointProperties":[{"Name":"integrity","Value":"sha256-KC2h6Cr6JZ92qgGefZAR136PNn6USB1NqE4SZyFII8Q="}]},{"Route":"_content/Telerik.UI.for.Blazor/css/kendo-theme-default/all.sf7qxdrzdk.css","AssetFile":"_content/Telerik.UI.for.Blazor/css/kendo-theme-default/all.css","Selectors":[],"ResponseHeaders":[{"Name":"Accept-Ranges","Value":"bytes"},{"Name":"Cache-Control","Value":"max-age=31536000, immutable"},{"Name":"Content-Length","Value":"675104"},{"Name":"Content-Type","Value":"text/css"},{"Name":"ETag","Value":"\"KC2h6Cr6JZ92qgGefZAR136PNn6USB1NqE4SZyFII8Q=\""},{"Name":"Last-Modified","Value":"Tue, 17 Dec 2024 08:29:00 GMT"}],"EndpointProperties":[{"Name":"fingerprint","Value":"sf7qxdrzdk"},{"Name":"integrity","Value":"sha256-KC2h6Cr6JZ92qgGefZAR136PNn6USB1NqE4SZyFII8Q="},{"Name":"label","Value":"_content/Telerik.UI.for.Blazor/css/kendo-theme-default/all.css"}]},{"Route":"_content/Telerik.UI.for.Blazor/css/kendo-theme-default/default-ocean-blue.css","AssetFile":"_content/Telerik.UI.for.Blazor/css/kendo-theme-default/default-ocean-blue.css","Selectors":[],"ResponseHeaders":[{"Name":"Accept-Ranges","Value":"bytes"},{"Name":"Cache-Control","Value":"no-cache"},{"Name":"Content-Length","Value":"674753"},{"Name":"Content-Type","Value":"text/css"},{"Name":"ETag","Value":"\"BWILLInkHXIY4VnCPj1BDJ6A4jLrXnVwQTCN9hCYaKk=\""},{"Name":"Last-Modified","Value":"Tue, 17 Dec 2024 08:29:00 GMT"}],"EndpointProperties":[{"Name":"integrity","Value":"sha256-BWILLInkHXIY4VnCPj1BDJ6A4jLrXnVwQTCN9hCYaKk="}]},{"Route":"_content/Telerik.UI.for.Blazor/css/kendo-theme-default/default-ocean-blue.lo909edrff.css","AssetFile":"_content/Telerik.UI.for.Blazor/css/kendo-theme-default/default-ocean-blue.css","Selectors":[],"ResponseHeaders":[{"Name":"Accept-Ranges","Value":"bytes"},{"Name":"Cache-Control","Value":"max-age=31536000, immutable"},{"Name":"Content-Length","Value":"674753"},{"Name":"Content-Type","Value":"text/css"},{"Name":"ETag","Value":"\"BWILLInkHXIY4VnCPj1BDJ6A4jLrXnVwQTCN9hCYaKk=\""},{"Name":"Last-Modified","Value":"Tue, 17 Dec 2024 08:29:00 GMT"}],"EndpointProperties":[{"Name":"fingerprint","Value":"lo909edrff"},{"Name":"integrity","Value":"sha256-BWILLInkHXIY4VnCPj1BDJ6A4jLrXnVwQTCN9hCYaKk="},{"Name":"label","Value":"_content/Telerik.UI.for.Blazor/css/kendo-theme-default/default-ocean-blue.css"}]},{"Route":"_content/Telerik.UI.for.Blazor/css/kendo-theme-fluent/all.css","AssetFile":"_content/Telerik.UI.for.Blazor/css/kendo-theme-fluent/all.css","Selectors":[],"ResponseHeaders":[{"Name":"Accept-Ranges","Value":"bytes"},{"Name":"Cache-Control","Value":"no-cache"},{"Name":"Content-Length","Value":"1072920"},{"Name":"Content-Type","Value":"text/css"},{"Name":"ETag","Value":"\"3MuHxn3ch3mOW6PGuLztSvgkN5MVgemkfEb8rjfQUT8=\""},{"Name":"Last-Modified","Value":"Tue, 17 Dec 2024 08:29:00 GMT"}],"EndpointProperties":[{"Name":"integrity","Value":"sha256-3MuHxn3ch3mOW6PGuLztSvgkN5MVgemkfEb8rjfQUT8="}]},{"Route":"_content/Telerik.UI.for.Blazor/css/kendo-theme-fluent/all.w9gvkn8c98.css","AssetFile":"_content/Telerik.UI.for.Blazor/css/kendo-theme-fluent/all.css","Selectors":[],"ResponseHeaders":[{"Name":"Accept-Ranges","Value":"bytes"},{"Name":"Cache-Control","Value":"max-age=31536000, immutable"},{"Name":"Content-Length","Value":"1072920"},{"Name":"Content-Type","Value":"text/css"},{"Name":"ETag","Value":"\"3MuHxn3ch3mOW6PGuLztSvgkN5MVgemkfEb8rjfQUT8=\""},{"Name":"Last-Modified","Value":"Tue, 17 Dec 2024 08:29:00 GMT"}],"EndpointProperties":[{"Name":"fingerprint","Value":"w9gvkn8c98"},{"Name":"integrity","Value":"sha256-3MuHxn3ch3mOW6PGuLztSvgkN5MVgemkfEb8rjfQUT8="},{"Name":"label","Value":"_content/Telerik.UI.for.Blazor/css/kendo-theme-fluent/all.css"}]},{"Route":"_content/Telerik.UI.for.Blazor/css/kendo-theme-material/all.css","AssetFile":"_content/Telerik.UI.for.Blazor/css/kendo-theme-material/all.css","Selectors":[],"ResponseHeaders":[{"Name":"Accept-Ranges","Value":"bytes"},{"Name":"Cache-Control","Value":"no-cache"},{"Name":"Content-Length","Value":"744744"},{"Name":"Content-Type","Value":"text/css"},{"Name":"ETag","Value":"\"3gS2z0ElxCmJ7AzdU/0u5R19rUPpCCQ6OGtTzC/mMvo=\""},{"Name":"Last-Modified","Value":"Tue, 17 Dec 2024 08:29:00 GMT"}],"EndpointProperties":[{"Name":"integrity","Value":"sha256-3gS2z0ElxCmJ7AzdU/0u5R19rUPpCCQ6OGtTzC/mMvo="}]},{"Route":"_content/Telerik.UI.for.Blazor/css/kendo-theme-material/all.qyw1yn4hy7.css","AssetFile":"_content/Telerik.UI.for.Blazor/css/kendo-theme-material/all.css","Selectors":[],"ResponseHeaders":[{"Name":"Accept-Ranges","Value":"bytes"},{"Name":"Cache-Control","Value":"max-age=31536000, immutable"},{"Name":"Content-Length","Value":"744744"},{"Name":"Content-Type","Value":"text/css"},{"Name":"ETag","Value":"\"3gS2z0ElxCmJ7AzdU/0u5R19rUPpCCQ6OGtTzC/mMvo=\""},{"Name":"Last-Modified","Value":"Tue, 17 Dec 2024 08:29:00 GMT"}],"EndpointProperties":[{"Name":"fingerprint","Value":"qyw1yn4hy7"},{"Name":"integrity","Value":"sha256-3gS2z0ElxCmJ7AzdU/0u5R19rUPpCCQ6OGtTzC/mMvo="},{"Name":"label","Value":"_content/Telerik.UI.for.Blazor/css/kendo-theme-material/all.css"}]},{"Route":"_content/Telerik.UI.for.Blazor/images/blazor.8x6836y1ry.png","AssetFile":"_content/Telerik.UI.for.Blazor/images/blazor.png","Selectors":[],"ResponseHeaders":[{"Name":"Accept-Ranges","Value":"bytes"},{"Name":"Cache-Control","Value":"max-age=31536000, immutable"},{"Name":"Content-Length","Value":"871"},{"Name":"Content-Type","Value":"image/png"},{"Name":"ETag","Value":"\"9A+Mrm6jQwaOnmz6DePWC2DkGgXXTQUs9M/sxVefjs4=\""},{"Name":"Last-Modified","Value":"Tue, 17 Dec 2024 08:24:38 GMT"}],"EndpointProperties":[{"Name":"fingerprint","Value":"8x6836y1ry"},{"Name":"integrity","Value":"sha256-9A+Mrm6jQwaOnmz6DePWC2DkGgXXTQUs9M/sxVefjs4="},{"Name":"label","Value":"_content/Telerik.UI.for.Blazor/images/blazor.png"}]},{"Route":"_content/Telerik.UI.for.Blazor/images/blazor.png","AssetFile":"_content/Telerik.UI.for.Blazor/images/blazor.png","Selectors":[],"ResponseHeaders":[{"Name":"Accept-Ranges","Value":"bytes"},{"Name":"Cache-Control","Value":"max-age=3600, must-revalidate"},{"Name":"Content-Length","Value":"871"},{"Name":"Content-Type","Value":"image/png"},{"Name":"ETag","Value":"\"9A+Mrm6jQwaOnmz6DePWC2DkGgXXTQUs9M/sxVefjs4=\""},{"Name":"Last-Modified","Value":"Tue, 17 Dec 2024 08:24:38 GMT"}],"EndpointProperties":[{"Name":"integrity","Value":"sha256-9A+Mrm6jQwaOnmz6DePWC2DkGgXXTQUs9M/sxVefjs4="}]},{"Route":"_content/Telerik.UI.for.Blazor/js/telerik-blazor.js","AssetFile":"_content/Telerik.UI.for.Blazor/js/telerik-blazor.js","Selectors":[],"ResponseHeaders":[{"Name":"Accept-Ranges","Value":"bytes"},{"Name":"Cache-Control","Value":"no-cache"},{"Name":"Content-Length","Value":"4230090"},{"Name":"Content-Type","Value":"text/javascript"},{"Name":"ETag","Value":"\"b6Ud/tk375KjlGkMBhIpST8tTTD5nvcHhrhr7xPBmio=\""},{"Name":"Last-Modified","Value":"Tue, 17 Dec 2024 08:30:21 GMT"}],"EndpointProperties":[{"Name":"integrity","Value":"sha256-b6Ud/tk375KjlGkMBhIpST8tTTD5nvcHhrhr7xPBmio="}]},{"Route":"_content/Telerik.UI.for.Blazor/js/telerik-blazor.thpaj2c7id.js","AssetFile":"_content/Telerik.UI.for.Blazor/js/telerik-blazor.js","Selectors":[],"ResponseHeaders":[{"Name":"Accept-Ranges","Value":"bytes"},{"Name":"Cache-Control","Value":"max-age=31536000, immutable"},{"Name":"Content-Length","Value":"4230090"},{"Name":"Content-Type","Value":"text/javascript"},{"Name":"ETag","Value":"\"b6Ud/tk375KjlGkMBhIpST8tTTD5nvcHhrhr7xPBmio=\""},{"Name":"Last-Modified","Value":"Tue, 17 Dec 2024 08:30:21 GMT"}],"EndpointProperties":[{"Name":"fingerprint","Value":"thpaj2c7id"},{"Name":"integrity","Value":"sha256-b6Ud/tk375KjlGkMBhIpST8tTTD5nvcHhrhr7xPBmio="},{"Name":"label","Value":"_content/Telerik.UI.for.Blazor/js/telerik-blazor.js"}]},{"Route":"background.png","AssetFile":"background.png","Selectors":[],"ResponseHeaders":[{"Name":"Accept-Ranges","Value":"bytes"},{"Name":"Cache-Control","Value":"no-cache"},{"Name":"Content-Length","Value":"378"},{"Name":"Content-Type","Value":"image/png"},{"Name":"ETag","Value":"\"WeOKCkI7IdJHs2kCqsKgLfiWX4/sNPbaRUspOLefkCY=\""},{"Name":"Last-Modified","Value":"Wed, 15 May 2024 08:31:14 GMT"}],"EndpointProperties":[{"Name":"integrity","Value":"sha256-WeOKCkI7IdJHs2kCqsKgLfiWX4/sNPbaRUspOLefkCY="}]},{"Route":"background.x2rx4ajns0.png","AssetFile":"background.png","Selectors":[],"ResponseHeaders":[{"Name":"Accept-Ranges","Value":"bytes"},{"Name":"Cache-Control","Value":"max-age=31536000, immutable"},{"Name":"Content-Length","Value":"378"},{"Name":"Content-Type","Value":"image/png"},{"Name":"ETag","Value":"\"WeOKCkI7IdJHs2kCqsKgLfiWX4/sNPbaRUspOLefkCY=\""},{"Name":"Last-Modified","Value":"Wed, 15 May 2024 08:31:14 GMT"}],"EndpointProperties":[{"Name":"fingerprint","Value":"x2rx4ajns0"},{"Name":"integrity","Value":"sha256-WeOKCkI7IdJHs2kCqsKgLfiWX4/sNPbaRUspOLefkCY="},{"Name":"label","Value":"background.png"}]},{"Route":"css/R_BlazorControlStyle.8l4ycnzzlb.css","AssetFile":"css/R_BlazorControlStyle.css","Selectors":[],"ResponseHeaders":[{"Name":"Accept-Ranges","Value":"bytes"},{"Name":"Cache-Control","Value":"max-age=31536000, immutable"},{"Name":"Content-Length","Value":"10800"},{"Name":"Content-Type","Value":"text/css"},{"Name":"ETag","Value":"\"RHwMHVxCtSSx2KEqt3vIfxzyAuLDd5STeYrXhx6Cb2I=\""},{"Name":"Last-Modified","Value":"Wed, 15 May 2024 08:31:14 GMT"}],"EndpointProperties":[{"Name":"fingerprint","Value":"8l4ycnzzlb"},{"Name":"integrity","Value":"sha256-RHwMHVxCtSSx2KEqt3vIfxzyAuLDd5STeYrXhx6Cb2I="},{"Name":"label","Value":"css/R_BlazorControlStyle.css"}]},{"Route":"css/R_BlazorControlStyle.css","AssetFile":"css/R_BlazorControlStyle.css","Selectors":[],"ResponseHeaders":[{"Name":"Accept-Ranges","Value":"bytes"},{"Name":"Cache-Control","Value":"no-cache"},{"Name":"Content-Length","Value":"10800"},{"Name":"Content-Type","Value":"text/css"},{"Name":"ETag","Value":"\"RHwMHVxCtSSx2KEqt3vIfxzyAuLDd5STeYrXhx6Cb2I=\""},{"Name":"Last-Modified","Value":"Wed, 15 May 2024 08:31:14 GMT"}],"EndpointProperties":[{"Name":"integrity","Value":"sha256-RHwMHVxCtSSx2KEqt3vIfxzyAuLDd5STeYrXhx6Cb2I="}]},{"Route":"css/R_BlazorControlStyle.min.css","AssetFile":"css/R_BlazorControlStyle.min.css","Selectors":[],"ResponseHeaders":[{"Name":"Accept-Ranges","Value":"bytes"},{"Name":"Cache-Control","Value":"no-cache"},{"Name":"Content-Length","Value":"7679"},{"Name":"Content-Type","Value":"text/css"},{"Name":"ETag","Value":"\"ESaI0SvCcNHsw9Y5sEO+ixCuWWoQBnrsdfsL9frGeO8=\""},{"Name":"Last-Modified","Value":"Wed, 15 May 2024 08:31:14 GMT"}],"EndpointProperties":[{"Name":"integrity","Value":"sha256-ESaI0SvCcNHsw9Y5sEO+ixCuWWoQBnrsdfsL9frGeO8="}]},{"Route":"css/R_BlazorControlStyle.min.vcmz6egjw0.css","AssetFile":"css/R_BlazorControlStyle.min.css","Selectors":[],"ResponseHeaders":[{"Name":"Accept-Ranges","Value":"bytes"},{"Name":"Cache-Control","Value":"max-age=31536000, immutable"},{"Name":"Content-Length","Value":"7679"},{"Name":"Content-Type","Value":"text/css"},{"Name":"ETag","Value":"\"ESaI0SvCcNHsw9Y5sEO+ixCuWWoQBnrsdfsL9frGeO8=\""},{"Name":"Last-Modified","Value":"Wed, 15 May 2024 08:31:14 GMT"}],"EndpointProperties":[{"Name":"fingerprint","Value":"vcmz6egjw0"},{"Name":"integrity","Value":"sha256-ESaI0SvCcNHsw9Y5sEO+ixCuWWoQBnrsdfsL9frGeO8="},{"Name":"label","Value":"css/R_BlazorControlStyle.min.css"}]}]}